Workbook

Sheet Raw Material List
A1: Item # | B1: Item Description | C1: Category
A2: 10042 | B2: pork 85 | C2: RAW
A3: 20000160 | B3: SHIPPER 19 3/8 X 11 1/2 X 12 1/4 | C3: PACK
A4: 10062451 | B4: 20C DEEP TRAY (82070) | C4: PACK
A5: 10060523 | B5: TRAYS-1.25OZ 40C (82040) | C5: PACK
A6: 20004763 | B6: RED SHEETING FILM 26X0.001 | C6: PACK
A7: 20002267 | B7: BAG-U PLYBAG4549H | C7: PACK
A8: 20021807 | B8: 4up - Kroger Croissants Label - 8.25 x 9.625" | C8: PACK
A9: 20021808 | B9: 6up - Kroger Croissants Label - 8.25 x 14.25" | C9: PACK
A10: 10060454 | B10: PAPER BRD TP4 12.75X15.25 | C10: PACK
A11: 10060519 | B11: V00287 TUFFLEX 48MMX914M HM195 HOTMLT CST TP CLR@6 | C11: PACK
A12: 20021689 | B12: PAPR-PAR 21.125IN ECOBAKE 30FT ROLL | C12: PACK
A13: 20014916 | B13: SHPR 19 1/4 X 12 5/8 X 7 40C | C13: PACK
... A124: 10050465 | B124: FLAVOUR BUTTERSCOTCH ARTIFICAL | C124: RAW

Sheet Graph
E1: Minor | F1: Major | G1: Critical
A2: P 01Minor | B2: P 01Major | C2: P 01Critical | D2: P 01 | E2: =COUNTIF(Table2[Graph 1],Graph!A:A) -> 0 | F2: =COUNTIF(Table2[Graph 1],Graph!B:B) -> 0 | G2: =COUNTIF(Table2[Graph 1],Graph!C:C) -> 0
A3: P 02Minor | B3: P 02Major | C3: P 02Critical | D3: P 02 | E3: =COUNTIF(Table2[Graph 1],Graph!A:A) -> 0 | F3: =COUNTIF(Table2[Graph 1],Graph!B:B) -> 0 | G3: =COUNTIF(Table2[Graph 1],Graph!C:C) -> 0
A4: P 03Minor | B4: P 03Major | C4: P 03Critical | D4: P 03 | E4: =COUNTIF(Table2[Graph 1],Graph!A:A) -> 0 | F4: =COUNTIF(Table2[Graph 1],Graph!B:B) -> 0 | G4: =COUNTIF(Table2[Graph 1],Graph!C:C) -> 0
A5: P 04Minor | B5: P 04Major | C5: P 04Critical | D5: P 04 | E5: =COUNTIF(Table2[Graph 1],Graph!A:A) -> 1 | F5: =COUNTIF(Table2[Graph 1],Graph!B:B) -> 0 | G5: =COUNTIF(Table2[Graph 1],Graph!C:C) -> 0
A6: P 05Minor | B6: P 05Major | C6: P 05Critical | D6: P 05 | E6: =COUNTIF(Table2[Graph 1],Graph!A:A) -> 0 | F6: =COUNTIF(Table2[Graph 1],Graph!B:B) -> 0 | G6: =COUNTIF(Table2[Graph 1],Graph!C:C) -> 0
A7: P 06Minor | B7: P 06Major | C7: P 06Critical | D7: P 06 | E7: =COUNTIF(Table2[Graph 1],Graph!A:A) -> 0 | F7: =COUNTIF(Table2[Graph 1],Graph!B:B) -> 0 | G7: =COUNTIF(Table2[Graph 1],Graph!C:C) -> 0
A8: P 07Minor | B8: P 07Major | C8: P 07Critical | D8: P 07 | E8: =COUNTIF(Table2[Graph 1],Graph!A:A) -> 0 | F8: =COUNTIF(Table2[Graph 1],Graph!B:B) -> 0 | G8: =COUNTIF(Table2[Graph 1],Graph!C:C) -> 0
A9: P 08Minor | B9: P 08Major | C9: P 08Critical | D9: P 08 | E9: =COUNTIF(Table2[Graph 1],Graph!A:A) -> 0 | F9: =COUNTIF(Table2[Graph 1],Graph!B:B) -> 0 | G9: =COUNTIF(Table2[Graph 1],Graph!C:C) -> 0
A10: P 09Minor | B10: P 09Major | C10: P 09Critical | D10: P 09 | E10: =COUNTIF(Table2[Graph 1],Graph!A:A) -> 0 | F10: =COUNTIF(Table2[Graph 1],Graph!B:B) -> 0 | G10: =COUNTIF(Table2[Graph 1],Graph!C:C) -> 0
A11: P 10Minor | B11: P 10Major | C11: P 10Critical | D11: P 10 | E11: =COUNTIF(Table2[Graph 1],Graph!A:A) -> 0 | F11: =COUNTIF(Table2[Graph 1],Graph!B:B) -> 0 | G11: =COUNTIF(Table2[Graph 1],Graph!C:C) -> 0
A12: P 11Minor | B12: P 11Major | C12: P 11Critical | D12: P 11 | E12: =COUNTIF(Table2[Graph 1],Graph!A:A) -> 0 | F12: =COUNTIF(Table2[Graph 1],Graph!B:B) -> 0 | G12: =COUNTIF(Table2[Graph 1],Graph!C:C) -> 0
A13: P 12Minor | B13: P 12Major | C13: P 12Critical | D13: P 12 | E13: =COUNTIF(Table2[Graph 1],Graph!A:A) -> 0 | F13: =COUNTIF(Table2[Graph 1],Graph!B:B) -> 0 | G13: =COUNTIF(Table2[Graph 1],Graph!C:C) -> 0
E16: Minor | F16: Major | G16: Critical
D17: Jowett | F17: 1
D18: AFFCO
D19: Aliments Asta
D20: American Food Group
D21: Beef Paraguay
D22: London Foods
D23: Canada Compound
D24: Cargil
D25: Frigo
D26: Consco
D27: Cledinor
D28: Conestoga
D29: Exceldor
... D38: Paradise

Sheet NCR Log
D1: Non Conformance Report Log | L1: Form: RC-34
A3: Column1 | B3: NC # | C3: Date Open | D3: Period | E3: lngredient / Packaging | F3: Item # | G3: Item Description | H3: Supplier | I3: Rating | J3: Reason for Non-Conformance | K3: Corrective Action | L3: Opened by | M3: Closed on | N3: Graph 1
B4: ncr-01-2026 | C4: 46142 | D4: P 04 | E4: Ingredient | F4: 10042 | G4: pork 85 | H4: Jowett | I4: Minor | J4: blue sleeve found in pork trim tote | K4: placed on hold any materiial used, contacted supplier for full credit | L4: Stephanie | M4: 46142 | N4: =Table2[[#This Row],[Period]]&Table2[[#This Row],[Rating]] -> P 04Minor
N5: =Table2[[#This Row],[Period]]&Table2[[#This Row],[Rating]]
N6: =Table2[[#This Row],[Period]]&Table2[[#This Row],[Rating]]
N7: =Table2[[#This Row],[Period]]&Table2[[#This Row],[Rating]]
N8: =Table2[[#This Row],[Period]]&Table2[[#This Row],[Rating]]
N9: =Table2[[#This Row],[Period]]&Table2[[#This Row],[Rating]]
N10: =Table2[[#This Row],[Period]]&Table2[[#This Row],[Rating]]
N11: =Table2[[#This Row],[Period]]&Table2[[#This Row],[Rating]]
N12: =Table2[[#This Row],[Period]]&Table2[[#This Row],[Rating]]
N13: =Table2[[#This Row],[Period]]&Table2[[#This Row],[Rating]]
N14: =Table2[[#This Row],[Period]]&Table2[[#This Row],[Rating]]
G15: =IF(Table2[[#This Row],[Item '#]]="","",VLOOKUP(F15,'Raw Material List'!A:B,2,FALSE)) | N15: =Table2[[#This Row],[Period]]&Table2[[#This Row],[Rating]]
G16: =IF(Table2[[#This Row],[Item '#]]="","",VLOOKUP(F16,'Raw Material List'!A:B,2,FALSE)) | N16: =Table2[[#This Row],[Period]]&Table2[[#This Row],[Rating]]
